design,fold,accuracy,macro_f1
shuffled,1,0.7433035714285714,0.7530563977388647
shuffled,2,0.7483928571428572,0.7549208196075424
shuffled,3,0.7469642857142857,0.7541197973194937
shuffled,4,0.7408035714285715,0.7506987674291352
shuffled,5,0.7446200553620859,0.7508285815979081
"blocked, no purge",1,0.1836771140280382,0.11175415898947752
"blocked, no purge",2,0.536875,0.516822108545293
"blocked, no purge",3,0.4276274667381016,0.4100618593056469
"blocked, no purge",4,0.3404464285714286,0.2872494764051551
"blocked, no purge",5,0.598875100437461,0.6225626993047956
"blocked, purge 500",1,0.218680239307081,0.13088534278062267
"blocked, purge 500",2,0.38160714285714287,0.3289533091187191
"blocked, purge 500",3,0.31663541387623895,0.3186046089962843
"blocked, purge 500",4,0.31535714285714284,0.28031796496361044
"blocked, purge 500",5,0.6519060798143023,0.6588732330076197
