model,rung,columns,lowest_fold,macro_f1,highest_fold,nopurge_f1,shuffled_f1,leak: structure,leak: adjacency,three_class_f1,recall: no fault,recall: rich mixture,recall: lean mixture,recall: low voltage
random forest,all 14 (laboratory),14,0.12688629637782178,0.33405022964950193,0.5826631831641633,0.3693462585913503,0.7546025652013804,0.3852563066100301,0.035296028941848356,0.5105143690263574,0.63625,0.36706673940716494,0.3466666666666667,0.09056495964573959
random forest,no dynamometer,12,0.15102515966652036,0.30161814369928475,0.4990958965269225,0.39408443924058123,0.7546336305436151,0.36054919130303387,0.09246629554129648,0.46526474469819606,0.495625,0.34951809419894525,0.3084,0.13549032211984857
random forest,no analyser gases,9,0.1232386187595104,0.2749084359152386,0.5230197010115343,0.3839349539897462,0.754326781098339,0.37039182710859275,0.10902651807450758,0.4340328732231165,0.441,0.21112929623567922,0.32233333333333336,0.18762945503892578
random forest,no analyser O2,8,0.2003425702952354,0.29362429139260304,0.49733259319368267,0.3895355637137559,0.7529259366564052,0.36339037294264925,0.09591127232115287,0.43695381213578255,0.5086875,0.19530823786142934,0.3152,0.17905863866866653
random forest,no wideband lambda,6,0.1602841281893994,0.28211603409140534,0.43737121649291166,0.3553365508144064,0.7416002012291356,0.3862636504147292,0.07322051672300106,0.4363558571381733,0.4828125,0.23186033824331698,0.29473333333333335,0.16613099064352546
random forest,dedicated PIDs only,4,0.18777674977393818,0.32137527305668734,0.43492206024181695,0.39216056453401527,0.6964263706339111,0.30426580609989584,0.07078529147732793,0.48527135381804776,0.4343125,0.36042916893980725,0.3296,0.23626883794014714
logistic regression,all 14 (laboratory),14,0.25948518102240503,0.3548794642738494,0.4441782996462202,0.37638160105163276,0.5866471310836276,0.21026553003199489,0.021502136777783343,0.5218257308918718,0.427125,0.28477905073649756,0.4129333333333333,0.33111920577101633
logistic regression,no dynamometer,12,0.2371960724555161,0.35460233171624905,0.4745322654706803,0.40278916776208507,0.5769813124613798,0.17419214469929478,0.04818683604583601,0.5047734388742068,0.482625,0.18530641934897255,0.4508,0.3262624098278694
logistic regression,no analyser gases,9,0.14503323548920982,0.20737416713440276,0.3612923742416039,0.2217901838036797,0.4209592836658107,0.199169099862131,0.014416016669276943,0.32899103623767284,0.3095,0.17121294780869248,0.2596,0.20234268980787087
logistic regression,no analyser O2,8,0.1461033775779007,0.21843769673133204,0.346989672828244,0.219189594964485,0.38288756534284574,0.16369797037836073,0.00075189823315297,0.35272800244701835,0.3398125,0.17003091471176576,0.42706666666666665,0.07078065852439111
logistic regression,no wideband lambda,6,0.08187603561834196,0.17616582472272546,0.22528775023256445,0.1845568400434711,0.35780078455446873,0.17324394451099764,0.008391015320745626,0.3217179427205362,0.282,0.18130569194398982,0.4438666666666667,0.018355831726305265
logistic regression,dedicated PIDs only,4,0.07532574305372994,0.1430912518156509,0.1763372557167369,0.13427420037599708,0.21491246072928227,0.0806382603532852,-0.008817051439653834,0.275555531873925,0.4023125,0.006728496090198217,0.4066,0.019712877651596315
